branch,city,total_sales,transaction_count,avg_sales
Giza,Naypyitaw,110568.86,328,337.1001829268293
Alex,Yangon,106200.57,340,312.35461764705883
Cairo,Mandalay,106198.0,332,319.8734939759036
